Rank,Meet_Year,LEAGUE_NAME,Meet_Name,Game_id,Game_Date,HomeTeam,AwayTeam,Field_Name,Audience_Qty,Audience_Away_Qty,Day
1,2025,K리그2,하나은행 K리그2 2025,112,2025/06/15,수원,인천,수원 월드컵,22625,3497,주말
2,2025,K리그2,하나은행 K리그2 2025,8,2025/03/01,인천,수원,인천 전용,18173,2489,주말
3,2025,K리그2,하나은행 K리그2 2025,227,2025/10/08,인천,수원,인천 전용,18134,2488, 
4,2025,K리그2,하나은행 K리그2 2025,25,2025/03/15,수원,충남아산,수원 월드컵,14099,221,주말
5,2025,K리그2,하나은행 K리그2 2025,61,2025/04/27,수원,성남,수원 월드컵,13948,842,주말
6,2025,K리그2,하나은행 K리그2 2025,184,2025/08/30,수원,성남,수원 월드컵,13736,1202,주말
7,2025,K리그2,하나은행 K리그2 2025,219,2025/10/04,수원,부천,수원 월드컵,13065,706,주말
8,2025,K리그2,하나은행 K리그2 2025,136,2025/07/12,수원,충북청주,수원 월드컵,12769,392,주말
9,2025,K리그2,하나은행 K리그2 2025,91,2025/05/25,수원,김포,수원 월드컵,12396,312,주말
10,2025,K리그2,하나은행 K리그2 2025,97,2025/06/01,수원,부천,수원 월드컵,12264,576,주말
11,2025,K리그2,하나은행 K리그2 2025,268,2025/11/23,인천,충북청주,인천 전용,12102,212,주말
12,2025,K리그2,하나은행 K리그2 2025,90,2025/05/25,인천,전남,인천 전용,12052,413,주말
13,2025,K리그2,하나은행 K리그2 2025,153,2025/07/27,수원,서울E,수원 월드컵,11929,285,주말
14,2025,K리그2,하나은행 K리그2 2025,66,2025/05/04,인천,김포,인천 전용,11792,626,주말
15,2025,K리그2,하나은행 K리그2 2025,246,2025/10/25,수원,전남,수원 월드컵,11740,522,주말
16,2025,K리그2,하나은행 K리그2 2025,124,2025/06/29,수원,부산,수원 월드컵,11467,423,주말
17,2025,K리그2,하나은행 K리그2 2025,164,2025/08/09,수원,안산,수원 월드컵,11348,221,주말
18,2025,K리그2,하나은행 K리그2 2025,39,2025/04/06,수원,경남,수원 월드컵,11343,205,주말
19,2025,K리그2,하나은행 K리그2 2025,204,2025/09/20,수원,경남,수원 월드컵,11318,138,주말
20,2025,K리그2,하나은행 K리그2 2025,251,2025/10/26,인천,경남,인천 전용,11156,75,주말
21,2025,K리그2,하나은행 K리그2 2025,104,2025/06/08,인천,부천,인천 전용,11007,827,주말
22,2025,K리그2,하나은행 K리그2 2025,4,2025/02/22,안산,수원,안산 와스타디움,10956,6595,주말
23,2025,K리그2,하나은행 K리그2 2025,77,2025/05/11,수원,천안,수원 월드컵,10664,251,주말
24,2025,K리그2,하나은행 K리그2 2025,206,2025/09/20,인천,김포,인천 전용,10328,338,주말
25,2025,K리그2,하나은행 K리그2 2025,67,2025/05/04,충북청주,수원,청주 종합,10149,2195,주말
26,2025,K리그2,하나은행 K리그2 2025,234,2025/10/12,수원,천안,수원 월드컵,10036,256,주말
27,2025,K리그2,하나은행 K리그2 2025,161,2025/08/02,천안,수원,천안 종합,9970,4150,주말
28,2025,K리그2,하나은행 K리그2 2025,190,2025/09/06,부산,수원,부산 구덕,9819,2493,주말
29,2025,K리그2,하나은행 K리그2 2025,22,2025/03/15,인천,서울E,인천 전용,9695,509,주말
30,2025,K리그2,하나은행 K리그2 2025,30,2025/03/29,수원,전남,수원 월드컵,9692,260,주말
31,2025,K리그2,하나은행 K리그2 2025,19,2025/03/09,서울E,수원,목동 종합,9644,3649,주말
32,2025,K리그2,하나은행 K리그2 2025,1,2025/02/22,인천,경남,인천 전용,9363,220,주말
33,2025,K리그2,하나은행 K리그2 2025,171,2025/08/16,인천,성남,인천 전용,9352,452,주말
34,2025,K리그2,하나은행 K리그2 2025,138,2025/07/13,인천,충남아산,인천 전용,9326,252,주말
35,2025,K리그2,하나은행 K리그2 2025,182,2025/08/24,화성,수원,화성 종합,9307,4881,주말
36,2025,K리그2,하나은행 K리그2 2025,113,2025/06/21,인천,화성,인천 전용,9245,204,주말
37,2025,K리그2,하나은행 K리그2 2025,52,2025/04/19,수원,화성,수원 월드컵,9238,196,주말
38,2025,K리그2,하나은행 K리그2 2025,254,2025/11/01,수원,충북청주,수원 월드컵,9012,228,주말
39,2025,K리그2,하나은행 K리그2 2025,245,2025/10/19,화성,수원,화성 종합,8871,4648,주말
40,2025,K리그2,하나은행 K리그2 2025,100,2025/06/06,성남,수원,탄천 종합,8843,2225, 
41,2025,K리그2,하나은행 K리그2 2025,211,2025/09/27,전남,부천,순천 팔마,8589,87,주말
42,2025,K리그2,하나은행 K리그2 2025,81,2025/05/17,부산,수원,부산 구덕,8529,2929,주말
43,2025,K리그2,하나은행 K리그2 2025,32,2025/03/29,인천,부산,인천 전용,8507,343,주말
44,2025,K리그2,하나은행 K리그2 2025,183,2025/08/30,인천,충남아산,인천 전용,8441,202,주말
45,2025,K리그2,하나은행 K리그2 2025,199,2025/09/13,서울E,수원,목동 종합,8299,3369,주말
46,2025,K리그2,하나은행 K리그2 2025,269,2025/11/23,수원,김포,수원 월드컵,8278,281,주말
47,2025,K리그2,하나은행 K리그2 2025,75,2025/05/11,전남,성남,광양 전용,7975,63,주말
48,2025,K리그2,하나은행 K리그2 2025,60,2025/04/26,부천,인천,부천 종합,7561,3560,주말
49,2025,K리그2,하나은행 K리그2 2025,152,2025/07/27,인천,안산,인천 전용,7392,175,주말
50,2025,K리그2,하나은행 K리그2 2025,127,2025/07/05,충남아산,수원,아산 이순신,7382,4332,주말
51,2025,K리그2,하나은행 K리그2 2025,257,2025/11/02,인천,부산,인천 전용,7058,329,주말
52,2025,K리그2,하나은행 K리그2 2025,102,2025/06/07,전남,서울E,광양 전용,6946,95,주말
53,2025,K리그2,하나은행 K리그2 2025,202,2025/09/14,충북청주,성남,청주 종합,6862,176,주말
54,2025,K리그2,하나은행 K리그2 2025,265,2025/11/09,안산,수원,안산 와스타디움,6663,3620,주말
55,2025,K리그2,하나은행 K리그2 2025,156,2025/08/02,서울E,인천,목동 종합,6612,2760,주말
56,2025,K리그2,하나은행 K리그2 2025,212,2025/09/27,충남아산,수원,아산 이순신,6604,2950,주말
57,2025,K리그2,하나은행 K리그2 2025,195,2025/09/07,부천,인천,부천 종합,6569,3164,주말
58,2025,K리그2,하나은행 K리그2 2025,35,2025/03/30,충남아산,성남,아산 이순신,6519,174,주말
59,2025,K리그2,하나은행 K리그2 2025,82,2025/05/18,안산,인천,안산 와스타디움,6282,3351,주말
60,2025,K리그2,하나은행 K리그2 2025,172,2025/08/16,김포,수원,김포솔터축구장,6275,2220,주말
61,2025,K리그2,하나은행 K리그2 2025,217,2025/09/28,서울E,인천,목동 종합,6226,1725,주말
62,2025,K리그2,하나은행 K리그2 2025,27,2025/03/16,경남,전남,창원 축구센터,5969,275,주말
63,2025,K리그2,하나은행 K리그2 2025,141,2025/07/19,전남,수원,광양 전용,5945,1893,주말
64,2025,K리그2,하나은행 K리그2 2025,45,2025/04/12,부천,수원,부천 종합,5936,3156,주말
65,2025,K리그2,하나은행 K리그2 2025,260,2025/11/08,전남,인천,광양 전용,5779,516,주말
66,2025,K리그2,하나은행 K리그2 2025,47,2025/04/13,인천,충북청주,인천 전용,5542,145,주말
67,2025,K리그2,하나은행 K리그2 2025,264,2025/11/09,충북청주,서울E,청주 종합,5406,172,주말
68,2025,K리그2,하나은행 K리그2 2025,126,2025/06/29,김포,인천,김포솔터축구장,5298,2220,주말
69,2025,K리그2,하나은행 K리그2 2025,271,2025/11/23,서울E,안산,목동 종합,5211,129,주말
70,2025,K리그2,하나은행 K리그2 2025,128,2025/07/05,전남,인천,광양 전용,5149,990,주말
71,2025,K리그2,하나은행 K리그2 2025,21,2025/03/09,성남,인천,탄천 종합,4891,2220,주말
72,2025,K리그2,하나은행 K리그2 2025,258,2025/11/02,전남,성남,광양 전용,4828,128,주말
73,2025,K리그2,하나은행 K리그2 2025,50,2025/04/19,인천,천안,인천 전용,4637,122,주말
74,2025,K리그2,하나은행 K리그2 2025,93,2025/05/31,서울E,부산,목동 종합,4482,328,주말
75,2025,K리그2,하나은행 K리그2 2025,267,2025/11/23,충남아산,전남,아산 이순신,4463,352,주말
76,2025,K리그2,하나은행 K리그2 2025,237,2025/10/12,성남,인천,탄천 종합,4384,1773,주말
77,2025,K리그2,하나은행 K리그2 2025,83,2025/05/18,전남,충북청주,광양 전용,4378,82,주말
78,2025,K리그2,하나은행 K리그2 2025,119,2025/06/22,경남,수원,창원 축구센터,4329,1324,주말
79,2025,K리그2,하나은행 K리그2 2025,235,2025/10/12,전남,안산,광양 전용,4239,32,주말
80,2025,K리그2,하나은행 K리그2 2025,230,2025/10/08,부천,성남,부천 종합,4233,473, 
81,2025,K리그2,하나은행 K리그2 2025,73,2025/05/10,충남아산,인천,아산 이순신,4204,1636,주말
82,2025,K리그2,하나은행 K리그2 2025,101,2025/06/07,부산,안산,부산 구덕,4132,72,주말
83,2025,K리그2,하나은행 K리그2 2025,3,2025/02/22,부산,김포,부산 구덕,4101,187,주말
84,2025,K리그2,하나은행 K리그2 2025,98,2025/06/01,천안,인천,천안 종합,4032,1505,주말
85,2025,K리그2,하나은행 K리그2 2025,17,2025/03/08,김포,충북청주,김포솔터축구장,4017,145,주말
86,2025,K리그2,하나은행 K리그2 2025,239,2025/10/19,안산,인천,안산 와스타디움,3950,2265,주말
87,2025,K리그2,하나은행 K리그2 2025,244,2025/10/19,부천,천안,부천 종합,3897,85,주말
88,2025,K리그2,하나은행 K리그2 2025,41,2025/04/06,충남아산,충북청주,아산 이순신,3871,249,주말
89,2025,K리그2,하나은행 K리그2 2025,163,2025/08/09,부산,인천,부산 구덕,3852,1274,주말
90,2025,K리그2,하나은행 K리그2 2025,200,2025/09/13,천안,인천,천안 종합,3850,1228,주말
91,2025,K리그2,하나은행 K리그2 2025,92,2025/05/31,전남,화성,광양 전용,3784,61,주말
92,2025,K리그2,하나은행 K리그2 2025,11,2025/03/02,화성,충남아산,화성 종합,3731,244,주말
93,2025,K리그2,하나은행 K리그2 2025,273,2025/11/23,성남,부산,탄천 종합,3703,222,주말
94,2025,K리그2,하나은행 K리그2 2025,261,2025/11/08,화성,경남,화성 종합,3617,41,주말
95,2025,K리그2,하나은행 K리그2 2025,6,2025/02/23,서울E,충남아산,목동 종합,3592,283,주말
96,2025,K리그2,하나은행 K리그2 2025,7,2025/02/23,부천,충북청주,부천 종합,3590,457,주말
97,2025,K리그2,하나은행 K리그2 2025,255,2025/11/01,부천,안산,부천 종합,3522,114,주말
98,2025,K리그2,하나은행 K리그2 2025,247,2025/10/25,성남,화성,탄천 종합,3471,161,주말
99,2025,K리그2,하나은행 K리그2 2025,107,2025/06/14,부천,서울E,부천 종합,3440,270,주말
100,2025,K리그2,하나은행 K리그2 2025,64,2025/05/04,성남,서울E,탄천 종합,3421,282,주말
101,2025,K리그2,하나은행 K리그2 2025,57,2025/04/26,서울E,경남,목동 종합,3383,91,주말
102,2025,K리그2,하나은행 K리그2 2025,222,2025/10/04,화성,인천,화성 종합,3374,1690,주말
103,2025,K리그2,하나은행 K리그2 2025,266,2025/11/09,김포,부천,김포솔터축구장,3368,653,주말
104,2025,K리그2,하나은행 K리그2 2025,5,2025/02/23,성남,화성,탄천 종합,3314,953,주말
105,2025,K리그2,하나은행 K리그2 2025,220,2025/10/04,김포,안산,김포솔터축구장,3283,95,주말
106,2025,K리그2,하나은행 K리그2 2025,62,2025/04/27,김포,전남,김포솔터축구장,3279,135,주말
107,2025,K리그2,하나은행 K리그2 2025,15,2025/03/08,부천,부산,부천 종합,3277,233,주말
108,2025,K리그2,하나은행 K리그2 2025,169,2025/08/15,전남,부천,광양 전용,3266,141, 
109,2025,K리그2,하나은행 K리그2 2025,69,2025/05/04,부산,충남아산,부산 구덕,3240,176,주말
110,2025,K리그2,하나은행 K리그2 2025,270,2025/11/23,부천,화성,부천 종합,3222,198,주말
111,2025,K리그2,하나은행 K리그2 2025,147,2025/07/20,경남,인천,창원 축구센터,3214,561,주말
112,2025,K리그2,하나은행 K리그2 2025,40,2025/04/06,김포,부천,김포솔터축구장,3176,441,주말
113,2025,K리그2,하나은행 K리그2 2025,20,2025/03/09,천안,충남아산,천안 종합,3163,558,주말
114,2025,K리그2,하나은행 K리그2 2025,201,2025/09/14,전남,화성,광양 전용,3154,41,주말
115,2025,K리그2,하나은행 K리그2 2025,33,2025/03/30,서울E,부천,목동 종합,3140,448,주말
116,2025,K리그2,하나은행 K리그2 2025,55,2025/04/20,충남아산,전남,아산 이순신,3131,105,주말
117,2025,K리그2,하나은행 K리그2 2025,24,2025/03/15,김포,성남,김포솔터축구장,3126,336,주말
118,2025,K리그2,하나은행 K리그2 2025,176,2025/08/23,전남,안산,광양 전용,3121,45,주말
119,2025,K리그2,하나은행 K리그2 2025,87,2025/05/24,성남,부산,탄천 종합,3108,348,주말
120,2025,K리그2,하나은행 K리그2 2025,191,2025/09/06,전남,서울E,광양 전용,3106,67,주말
121,2025,K리그2,하나은행 K리그2 2025,175,2025/08/17,천안,부산,천안 종합,3087,73,주말
122,2025,K리그2,하나은행 K리그2 2025,180,2025/08/24,충북청주,인천,청주 종합,3076,1093,주말
123,2025,K리그2,하나은행 K리그2 2025,103,2025/06/07,경남,화성,창원 축구센터,3053,79,주말
124,2025,K리그2,하나은행 K리그2 2025,157,2025/08/02,전남,충남아산,광양 전용,3036,125,주말
125,2025,K리그2,하나은행 K리그2 2025,205,2025/09/20,부천,서울E,부천 종합,3033,245,주말
126,2025,K리그2,하나은행 K리그2 2025,272,2025/11/23,경남,천안,창원 축구센터,3007,103,주말
127,2025,K리그2,하나은행 K리그2 2025,186,2025/08/30,김포,전남,김포솔터축구장,3005,143,주말
128,2025,K리그2,하나은행 K리그2 2025,229,2025/10/08,경남,전남,창원 축구센터,2981,427, 
129,2025,K리그2,하나은행 K리그2 2025,223,2025/10/05,전남,천안,광양 전용,2913,73,주말
130,2025,K리그2,하나은행 K리그2 2025,79,2025/05/17,부천,화성,부천 종합,2891,135,주말
130,2025,K리그2,하나은행 K리그2 2025,263,2025/11/08,천안,성남,천안 종합,2891,380,주말
132,2025,K리그2,하나은행 K리그2 2025,240,2025/10/19,서울E,부산,목동 종합,2859,283,주말
133,2025,K리그2,하나은행 K리그2 2025,134,2025/07/12,전남,경남,광양 전용,2851,168,주말
134,2025,K리그2,하나은행 K리그2 2025,189,2025/08/31,천안,서울E,천안 종합,2813,102,주말
135,2025,K리그2,하나은행 K리그2 2025,252,2025/10/26,서울E,충남아산,목동 종합,2809,146,주말
136,2025,K리그2,하나은행 K리그2 2025,99,2025/06/06,충북청주,충남아산,청주 종합,2793,296, 
137,2025,K리그2,하나은행 K리그2 2025,218,2025/10/03,성남,서울E,탄천 종합,2781,310, 
138,2025,K리그2,하나은행 K리그2 2025,142,2025/07/19,김포,안산,김포솔터축구장,2779,108,주말
139,2025,K리그2,하나은행 K리그2 2025,114,2025/06/21,천안,서울E,천안 종합,2777,129,주말
140,2025,K리그2,하나은행 K리그2 2025,259,2025/11/02,충남아산,천안,아산 이순신,2772,188,주말
141,2025,K리그2,하나은행 K리그2 2025,63,2025/04/27,부산,화성,부산 구덕,2769,26,주말
142,2025,K리그2,하나은행 K리그2 2025,2,2025/02/22,천안,전남,천안 종합,2764,253,주말
143,2025,K리그2,하나은행 K리그2 2025,216,2025/09/28,김포,성남,김포솔터축구장,2730,288,주말
144,2025,K리그2,하나은행 K리그2 2025,178,2025/08/23,서울E,김포,목동 종합,2710,329,주말
145,2025,K리그2,하나은행 K리그2 2025,65,2025/05/04,부천,전남,부천 종합,2698,166,주말
146,2025,K리그2,하나은행 K리그2 2025,31,2025/03/29,경남,충북청주,창원 축구센터,2696,99,주말
147,2025,K리그2,하나은행 K리그2 2025,143,2025/07/19,서울E,성남,목동 종합,2690,218,주말
148,2025,K리그2,하나은행 K리그2 2025,118,2025/06/22,부산,충북청주,부산 구덕,2673,87,주말
149,2025,K리그2,하나은행 K리그2 2025,177,2025/08/23,부천,천안,부천 종합,2671,130,주말
150,2025,K리그2,하나은행 K리그2 2025,117,2025/06/22,전남,김포,광양 전용,2662,49,주말
151,2025,K리그2,하나은행 K리그2 2025,256,2025/11/01,김포,화성,김포솔터축구장,2632,129,주말
152,2025,K리그2,하나은행 K리그2 2025,12,2025/03/02,부산,경남,부산 구덕,2610,311,주말
152,2025,K리그2,하나은행 K리그2 2025,78,2025/05/17,경남,충남아산,창원 축구센터,2610,104,주말
154,2025,K리그2,하나은행 K리그2 2025,166,2025/08/10,서울E,화성,목동 종합,2607,97,주말
155,2025,K리그2,하나은행 K리그2 2025,135,2025/07/12,부산,성남,부산 구덕,2606,132,주말
156,2025,K리그2,하나은행 K리그2 2025,72,2025/05/10,경남,부천,창원 축구센터,2604,104,주말
157,2025,K리그2,하나은행 K리그2 2025,188,2025/08/30,부산,충북청주,부산 구덕,2559,107,주말
158,2025,K리그2,하나은행 K리그2 2025,9,2025/03/01,서울E,전남,목동 종합,2554,196,주말
159,2025,K리그2,하나은행 K리그2 2025,95,2025/05/31,안산,성남,안산 와스타디움,2548,304,주말
160,2025,K리그2,하나은행 K리그2 2025,139,2025/07/13,부천,김포,부천 종합,2544,200,주말
161,2025,K리그2,하나은행 K리그2 2025,116,2025/06/21,성남,충남아산,탄천 종합,2487,163,주말
162,2025,K리그2,하나은행 K리그2 2025,80,2025/05/17,천안,성남,천안 종합,2470,236,주말
163,2025,K리그2,하나은행 K리그2 2025,28,2025/03/16,부천,안산,부천 종합,2462,90,주말
164,2025,K리그2,하나은행 K리그2 2025,89,2025/05/25,충남아산,부천,아산 이순신,2461,234,주말
165,2025,K리그2,하나은행 K리그2 2025,167,2025/08/10,전남,천안,광양 전용,2439,57,주말
166,2025,K리그2,하나은행 K리그2 2025,88,2025/05/24,경남,천안,창원 축구센터,2434,55,주말
167,2025,K리그2,하나은행 K리그2 2025,121,2025/06/28,부천,경남,부천 종합,2429,69,주말
168,2025,K리그2,하나은행 K리그2 2025,168,2025/08/10,충북청주,부천,청주 종합,2425,174,주말
169,2025,K리그2,하나은행 K리그2 2025,54,2025/04/20,안산,부산,안산 와스타디움,2424,235,주말
170,2025,K리그2,하나은행 K리그2 2025,198,2025/09/13,경남,김포,창원 축구센터,2411,57,주말
171,2025,K리그2,하나은행 K리그2 2025,74,2025/05/10,서울E,안산,목동 종합,2408,88,주말
172,2025,K리그2,하나은행 K리그2 2025,155,2025/08/02,부천,성남,부천 종합,2405,231,주말
173,2025,K리그2,하나은행 K리그2 2025,174,2025/08/16,경남,서울E,창원 축구센터,2391,126,주말
174,2025,K리그2,하나은행 K리그2 2025,109,2025/06/15,전남,부산,광양 전용,2387,106,주말
175,2025,K리그2,하나은행 K리그2 2025,194,2025/09/07,김포,천안,김포솔터축구장,2383,55,주말
176,2025,K리그2,하나은행 K리그2 2025,214,2025/09/28,경남,안산,창원 축구센터,2375,42,주말
177,2025,K리그2,하나은행 K리그2 2025,225,2025/10/07,서울E,화성,목동 종합,2344,130, 
178,2025,K리그2,하나은행 K리그2 2025,106,2025/06/14,충남아산,천안,아산 이순신,2340,283,주말
179,2025,K리그2,하나은행 K리그2 2025,224,2025/10/05,부산,경남,부산 구덕,2326,242,주말
180,2025,K리그2,하나은행 K리그2 2025,48,2025/04/13,부산,서울E,부산 구덕,2321,96,주말
180,2025,K리그2,하나은행 K리그2 2025,76,2025/05/11,충북청주,부산,청주 종합,2321,107,주말
182,2025,K리그2,하나은행 K리그2 2025,56,2025/04/20,경남,김포,창원 축구센터,2318,36,주말
183,2025,K리그2,하나은행 K리그2 2025,145,2025/07/20,부천,충남아산,부천 종합,2297,159,주말
184,2025,K리그2,하나은행 K리그2 2025,42,2025/04/06,성남,안산,탄천 종합,2291,106,주말
185,2025,K리그2,하나은행 K리그2 2025,253,2025/11/01,경남,서울E,창원 축구센터,2281,84,주말
186,2025,K리그2,하나은행 K리그2 2025,37,2025/04/05,화성,인천,화성 종합,2279,1274,주말
187,2025,K리그2,하나은행 K리그2 2025,84,2025/05/18,김포,서울E,김포솔터축구장,2265,268,주말
188,2025,K리그2,하나은행 K리그2 2025,242,2025/10/19,경남,성남,창원 축구센터,2232,114,주말
189,2025,K리그2,하나은행 K리그2 2025,53,2025/04/19,성남,부천,탄천 종합,2223,242,주말
190,2025,K리그2,하나은행 K리그2 2025,137,2025/07/12,천안,화성,천안 종합,2218,136,주말
191,2025,K리그2,하나은행 K리그2 2025,207,2025/09/20,성남,충남아산,탄천 종합,2183,192,주말
192,2025,K리그2,하나은행 K리그2 2025,46,2025/04/12,경남,성남,창원 축구센터,2162,77,주말
193,2025,K리그2,하나은행 K리그2 2025,130,2025/07/05,경남,안산,창원 축구센터,2157,71,주말
194,2025,K리그2,하나은행 K리그2 2025,96,2025/06/01,충남아산,김포,아산 이순신,2149,177,주말
195,2025,K리그2,하나은행 K리그2 2025,36,2025/04/05,서울E,천안,목동 종합,2136,92,주말
196,2025,K리그2,하나은행 K리그2 2025,232,2025/10/11,김포,서울E,김포솔터축구장,2135,237,주말
197,2025,K리그2,하나은행 K리그2 2025,85,2025/05/24,화성,서울E,화성 종합,2120,215,주말
198,2025,K리그2,하나은행 K리그2 2025,179,2025/08/23,성남,경남,탄천 종합,2119,61,주말
199,2025,K리그2,하나은행 K리그2 2025,262,2025/11/08,부산,충남아산,부산 구덕,2113,103,주말
200,2025,K리그2,하나은행 K리그2 2025,160,2025/08/02,경남,부산,창원 축구센터,2089,331,주말
201,2025,K리그2,하나은행 K리그2 2025,187,2025/08/31,경남,부천,창원 축구센터,2083,41,주말
202,2025,K리그2,하나은행 K리그2 2025,38,2025/04/05,부산,전남,부산 구덕,2081,166,주말
203,2025,K리그2,하나은행 K리그2 2025,236,2025/10/12,부산,부천,부산 구덕,2054,130,주말
204,2025,K리그2,하나은행 K리그2 2025,105,2025/06/08,김포,천안,김포솔터축구장,2053,96,주말
205,2025,K리그2,하나은행 K리그2 2025,210,2025/09/21,부산,전남,부산 구덕,2045,111,주말
206,2025,K리그2,하나은행 K리그2 2025,59,2025/04/26,충남아산,안산,아산 이순신,2043,57,주말
207,2025,K리그2,하나은행 K리그2 2025,148,2025/07/26,부산,부천,부산 구덕,2032,195,주말
208,2025,K리그2,하나은행 K리그2 2025,71,2025/05/10,김포,화성,김포솔터축구장,2022,135,주말
209,2025,K리그2,하나은행 K리그2 2025,215,2025/09/28,화성,부산,화성 종합,2019,114,주말
210,2025,K리그2,하나은행 K리그2 2025,14,2025/03/03,성남,충북청주,탄천 종합,2015,268, 
211,2025,K리그2,하나은행 K리그2 2025,132,2025/07/06,화성,부천,화성 종합,2013,316,주말
211,2025,K리그2,하나은행 K리그2 2025,185,2025/08/30,안산,화성,안산 와스타디움,2013,206,주말
213,2025,K리그2,하나은행 K리그2 2025,228,2025/10/08,천안,부산,천안 종합,2004,172, 
214,2025,K리그2,하나은행 K리그2 2025,131,2025/07/06,성남,천안,탄천 종합,1979,129,주말
215,2025,K리그2,하나은행 K리그2 2025,115,2025/06/21,안산,부천,안산 와스타디움,1950,402,주말
216,2025,K리그2,하나은행 K리그2 2025,146,2025/07/20,충북청주,천안,청주 종합,1939,149,주말
216,2025,K리그2,하나은행 K리그2 2025,165,2025/08/09,성남,김포,탄천 종합,1939,201,주말
218,2025,K리그2,하나은행 K리그2 2025,208,2025/09/21,안산,충북청주,안산 와스타디움,1933,127,주말
219,2025,K리그2,하나은행 K리그2 2025,249,2025/10/25,부산,김포,부산 구덕,1932,75,주말
220,2025,K리그2,하나은행 K리그2 2025,196,2025/09/07,화성,충남아산,화성 종합,1916,169,주말
221,2025,K리그2,하나은행 K리그2 2025,241,2025/10/19,충남아산,김포,아산 이순신,1912,168,주말
222,2025,K리그2,하나은행 K리그2 2025,51,2025/04/19,서울E,충북청주,목동 종합,1888,81,주말
223,2025,K리그2,하나은행 K리그2 2025,192,2025/09/06,충북청주,경남,청주 종합,1875,52,주말
224,2025,K리그2,하나은행 K리그2 2025,68,2025/05/04,안산,경남,안산 와스타디움,1864,85,주말
225,2025,K리그2,하나은행 K리그2 2025,94,2025/05/31,충북청주,경남,청주 종합,1863,73,주말
226,2025,K리그2,하나은행 K리그2 2025,122,2025/06/28,안산,천안,안산 와스타디움,1854,184,주말
227,2025,K리그2,하나은행 K리그2 2025,209,2025/09/21,천안,화성,천안 종합,1851,143,주말
228,2025,K리그2,하나은행 K리그2 2025,133,2025/07/06,김포,부산,김포솔터축구장,1821,191,주말
229,2025,K리그2,하나은행 K리그2 2025,26,2025/03/16,부산,천안,부산 구덕,1812,80,주말
230,2025,K리그2,하나은행 K리그2 2025,248,2025/10/25,천안,안산,천안 종합,1811,92,주말
231,2025,K리그2,하나은행 K리그2 2025,108,2025/06/14,충북청주,성남,청주 종합,1806,168,주말
232,2025,K리그2,하나은행 K리그2 2025,120,2025/06/28,충남아산,서울E,아산 이순신,1784,115,주말
233,2025,K리그2,하나은행 K리그2 2025,29,2025/03/29,안산,화성,안산 와스타디움,1768,123,주말
233,2025,K리그2,하나은행 K리그2 2025,213,2025/09/27,충북청주,천안,청주 종합,1768,135,주말
235,2025,K리그2,하나은행 K리그2 2025,111,2025/06/15,김포,경남,김포솔터축구장,1762,58,주말
236,2025,K리그2,하나은행 K리그2 2025,233,2025/10/11,화성,충북청주,화성 종합,1761,162,주말
237,2025,K리그2,하나은행 K리그2 2025,197,2025/09/13,충남아산,부천,아산 이순신,1751,251,주말
238,2025,K리그2,하나은행 K리그2 2025,140,2025/07/13,안산,서울E,안산 와스타디움,1743,143,주말
239,2025,K리그2,하나은행 K리그2 2025,23,2025/03/15,화성,충북청주,화성 종합,1735,210,주말
240,2025,K리그2,하나은행 K리그2 2025,70,2025/05/04,화성,천안,화성 종합,1712,161,주말
241,2025,K리그2,하나은행 K리그2 2025,238,2025/10/12,충남아산,경남,아산 이순신,1705,48,주말
242,2025,K리그2,하나은행 K리그2 2025,243,2025/10/19,충북청주,전남,청주 종합,1687,161,주말
243,2025,K리그2,하나은행 K리그2 2025,193,2025/09/06,성남,안산,탄천 종합,1671,91,주말
244,2025,K리그2,하나은행 K리그2 2025,129,2025/07/05,충북청주,서울E,청주 종합,1659,127,주말
245,2025,K리그2,하나은행 K리그2 2025,181,2025/08/24,충남아산,부산,아산 이순신,1621,40,주말
246,2025,K리그2,하나은행 K리그2 2025,231,2025/10/08,안산,충남아산,안산 와스타디움,1610,218, 
247,2025,K리그2,하나은행 K리그2 2025,149,2025/07/26,천안,경남,천안 종합,1598,74,주말
247,2025,K리그2,하나은행 K리그2 2025,170,2025/08/15,안산,충남아산,안산 와스타디움,1598,218, 
249,2025,K리그2,하나은행 K리그2 2025,154,2025/07/27,성남,전남,탄천 종합,1587,152,주말
250,2025,K리그2,하나은행 K리그2 2025,125,2025/06/29,충북청주,전남,청주 종합,1550,101,주말
251,2025,K리그2,하나은행 K리그2 2025,86,2025/05/24,충북청주,안산,청주 종합,1539,60,주말
251,2025,K리그2,하나은행 K리그2 2025,151,2025/07/26,충남아산,화성,아산 이순신,1539,115,주말
253,2025,K리그2,하나은행 K리그2 2025,158,2025/08/02,화성,김포,화성 종합,1522,196,주말
254,2025,K리그2,하나은행 K리그2 2025,123,2025/06/28,화성,성남,화성 종합,1519,267,주말
255,2025,K리그2,하나은행 K리그2 2025,173,2025/08/16,충북청주,화성,청주 종합,1517,117,주말
256,2025,K리그2,하나은행 K리그2 2025,43,2025/04/12,김포,충남아산,김포솔터축구장,1494,95,주말
257,2025,K리그2,하나은행 K리그2 2025,18,2025/03/08,안산,전남,안산 와스타디움,1447,150,주말
258,2025,K리그2,하나은행 K리그2 2025,10,2025/03/01,안산,김포,안산 와스타디움,1444,259,주말
259,2025,K리그2,하나은행 K리그2 2025,203,2025/09/14,안산,부산,안산 와스타디움,1430,152,주말
260,2025,K리그2,하나은행 K리그2 2025,16,2025/03/08,화성,경남,화성 종합,1425,98,주말
261,2025,K리그2,하나은행 K리그2 2025,58,2025/04/26,천안,충북청주,천안 종합,1411,250,주말
262,2025,K리그2,하나은행 K리그2 2025,159,2025/08/02,안산,충북청주,안산 와스타디움,1403,144,주말
263,2025,K리그2,하나은행 K리그2 2025,144,2025/07/19,화성,부산,화성 종합,1293,154,주말
264,2025,K리그2,하나은행 K리그2 2025,34,2025/03/30,천안,김포,천안 종합,1283,175,주말
265,2025,K리그2,하나은행 K리그2 2025,110,2025/06/15,화성,안산,화성 종합,1259,217,주말
266,2025,K리그2,하나은행 K리그2 2025,226,2025/10/07,충북청주,김포,청주 종합,1255,164, 
267,2025,K리그2,하나은행 K리그2 2025,162,2025/08/09,충남아산,경남,아산 이순신,1211,49,주말
268,2025,K리그2,하나은행 K리그2 2025,221,2025/10/04,충남아산,충북청주,아산 이순신,1206,172,주말
269,2025,K리그2,하나은행 K리그2 2025,13,2025/03/02,천안,부천,천안 종합,1198,294,주말
270,2025,K리그2,하나은행 K리그2 2025,150,2025/07/26,충북청주,김포,청주 종합,1196,133,주말
271,2025,K리그2,하나은행 K리그2 2025,250,2025/10/25,충북청주,부천,청주 종합,1113,225,주말
272,2025,K리그2,하나은행 K리그2 2025,44,2025/04/12,화성,전남,화성 종합,1036,91,주말
273,2025,K리그2,하나은행 K리그2 2025,49,2025/04/13,천안,안산,천안 종합,1021,64,주말
